Short Name,Dataset,Root request,Root request status,Root request priority,Root request done events,Root request total events,Root request output,MiniAOD status,MiniAOD priority,MiniAOD done events,MiniAOD total events,MiniAOD output,NanoAOD status,NanoAOD priority,NanoAOD done events,NanoAOD total events,NanoAOD output,Chained request,Interested PWGs,Tags
DYto2Tau-2Jets NLO MG+P8,DYto2Tau-2Jets_Bin-0J-M-50_TuneCP5_13p6TeV_amcatnloFXFX-pythia8,HIG-RunIII2024Summer24wmLHEGS-00967,new,20000,0,110400000,,,0,0,0,,,0,0,0,,,HIG,
DYto2Tau-2Jets NLO MG+P8,DYto2Tau-2Jets_Bin-0J-MLL-50_TuneCP5_13p6TeV_amcatnloFXFX-pythia8,GEN-RunIII2024Summer24wmLHEGS-00053,done,100003,0,500000000,,done,100003,493079617,500000000,/DYto2Tau-2Jets_Bin-0J-MLL-50_TuneCP5_13p6TeV_amcatnloFXFX-pythia8/RunIII2024Summer24MiniAODv6-150X_mcRun3_2024_realistic_v2-v4/MINIAODSIM,done,100003,493132017,500000000,/DYto2Tau-2Jets_Bin-0J-MLL-50_TuneCP5_13p6TeV_amcatnloFXFX-pythia8/RunIII2024Summer24NanoAODv15-150X_mcRun3_2024_realistic_v2-v4/NANOAODSIM,GEN-chain_RunIII2024Summer24wmLHEGS_flowRunIII2024Summer24DRPremix_flowRunIII2024Summer24MiniAODv6_flowRunIII2024Summer24NanoAODv15-00053,GEN,Tau_BugFix
DYto2Tau-2Jets NLO MG+P8,DYto2Tau-2Jets_Bin-1J-M-50_TuneCP5_13p6TeV_amcatnloFXFX-pythia8,HIG-RunIII2024Summer24wmLHEGS-00968,new,20000,0,156800000,,,0,0,0,,,0,0,0,,,HIG,
DYto2Tau-2Jets NLO MG+P8,DYto2Tau-2Jets_Bin-1J-MLL-50_TuneCP5_13p6TeV_amcatnloFXFX-pythia8,GEN-RunIII2024Summer24wmLHEGS-00337,done,250000,-1,400000000,,done,110000,428447616,400000000,/DYto2Tau-2Jets_Bin-1J-MLL-50_TuneCP5_13p6TeV_amcatnloFXFX-pythia8/RunIII2024Summer24MiniAODv6-150X_mcRun3_2024_realistic_v2-v2/MINIAODSIM,done,110000,428387857,400000000,/DYto2Tau-2Jets_Bin-1J-MLL-50_TuneCP5_13p6TeV_amcatnloFXFX-pythia8/RunIII2024Summer24NanoAODv15-150X_mcRun3_2024_realistic_v2-v2/NANOAODSIM,GEN-chain_RunIII2024Summer24wmLHEGS_flowRunIII2024Summer24DRPremix_flowRunIII2024Summer24MiniAODv6_flowRunIII2024Summer24NanoAODv15-00362,GEN,Tau_BugFix
DYto2Tau-2Jets NLO MG+P8,DYto2Tau-2Jets_Bin-2J-M-50_TuneCP5_13p6TeV_amcatnloFXFX-pythia8,HIG-RunIII2024Summer24wmLHEGS-00969,new,20000,0,369600000,,,0,0,0,,,0,0,0,,,HIG,
DYto2Tau-2Jets NLO MG+P8,DYto2Tau-2Jets_Bin-2J-MLL-50_TuneCP5_13p6TeV_amcatnloFXFX-pythia8,GEN-RunIII2024Summer24wmLHEGS-00512,done,250000,-1,300000000,,done,110000,233046429,300000000,/DYto2Tau-2Jets_Bin-2J-MLL-50_TuneCP5_13p6TeV_amcatnloFXFX-pythia8/RunIII2024Summer24MiniAODv6-150X_mcRun3_2024_realistic_v2-v2/MINIAODSIM,done,110000,232971613,300000000,/DYto2Tau-2Jets_Bin-2J-MLL-50_TuneCP5_13p6TeV_amcatnloFXFX-pythia8/RunIII2024Summer24NanoAODv15-150X_mcRun3_2024_realistic_v2-v2/NANOAODSIM,GEN-chain_RunIII2024Summer24wmLHEGS_flowRunIII2024Summer24DRPremix_flowRunIII2024Summer24MiniAODv6_flowRunIII2024Summer24NanoAODv15-00363,GEN,Tau_BugFix
DYto2Tau-2Jets NLO MG+P8,DYto2Tau-2Jets_Bin-MLL-10to50_TuneCP5_13p6TeV_amcatnloFXFX-pythia8,GEN-RunIII2024Summer24wmLHEGS-00612,done,110000,-1,150000000,,done,110000,133319951,150000000,/DYto2Tau-2Jets_Bin-MLL-10to50_TuneCP5_13p6TeV_amcatnloFXFX-pythia8/RunIII2024Summer24MiniAODv6-150X_mcRun3_2024_realistic_v2-v2/MINIAODSIM,done,110000,133351364,150000000,/DYto2Tau-2Jets_Bin-MLL-10to50_TuneCP5_13p6TeV_amcatnloFXFX-pythia8/RunIII2024Summer24NanoAODv15-150X_mcRun3_2024_realistic_v2-v2/NANOAODSIM,GEN-chain_RunIII2024Summer24wmLHEGS_flowRunIII2024Summer24DRPremix_flowRunIII2024Summer24MiniAODv6_flowRunIII2024Summer24NanoAODv15-00434,"BTV, GEN",
DYto2Tau-2Jets NLO MG+P8,DYto2Tau-2Jets_Bin-MLL-10to50_TuneCP5_13p6TeV_amcatnloFXFX-pythia8,GEN-RunIII2024Summer24wmLHEGS-00612,done,110000,-1,150000000,,done,110000,133319951,150000000,/DYto2Tau-2Jets_Bin-MLL-10to50_TuneCP5_13p6TeV_amcatnloFXFX-pythia8/RunIII2024Summer24MiniAODv6-150X_mcRun3_2024_realistic_v2-v2/MINIAODSIM,done,120000,133319951,133319951,/DYto2Tau-2Jets_Bin-MLL-10to50_TuneCP5_13p6TeV_amcatnloFXFX-pythia8/RunIII2024Summer24NanoAODv15-BTVNanoV15_150X_mcRun3_2024_realistic_v2-v1/NANOAODSIM,GEN-chain_RunIII2024Summer24wmLHEGS_flowRunIII2024Summer24DRPremix_flowRunIII2024Summer24MiniAODv6_flowRunIIISummer24BTVNanoAODv15-00019,"BTV, GEN",
DYto2Tau-2Jets NLO MG+P8,DYto2Tau-2Jets_Bin-MLL-50_TuneCP5_13p6TeV_amcatnloFXFX-pythia8,GEN-Run3Summer23wmLHEGS-00892,new,20000,-1,1,,,0,0,0,,,0,0,0,,,GEN,
DYto2Tau-2Jets NLO MG+P8,DYto2Tau-2Jets_Bin-MLL-50_TuneCP5_13p6TeV_amcatnloFXFX-pythia8,GEN-RunIII2024Summer24wmLHEGS-00056,done,250001,0,500000000,,new,110000,0,500000000,,new,110000,0,500000000,,GEN-chain_RunIII2024Summer24wmLHEGS_flowRunIII2024Summer24DRPremix_flowRunIII2024Summer24MiniAOD_flowRunIII2024Summer24NanoAOD-00064,"BTV, GEN","BTV_SF, Run3_BTVCommFW_2Dcalibration, Tau_BugFix"
DYto2Tau-2Jets NLO MG+P8,DYto2Tau-2Jets_Bin-MLL-50_TuneCP5_13p6TeV_amcatnloFXFX-pythia8,GEN-RunIII2024Summer24wmLHEGS-00056,done,250001,0,500000000,,done,250001,349058559,500000000,/DYto2Tau-2Jets_Bin-MLL-50_TuneCP5_13p6TeV_amcatnloFXFX-pythia8/RunIII2024Summer24MiniAODv6-150X_mcRun3_2024_realistic_v2-v7/MINIAODSIM,done,250001,349164447,500000000,/DYto2Tau-2Jets_Bin-MLL-50_TuneCP5_13p6TeV_amcatnloFXFX-pythia8/RunIII2024Summer24NanoAODv15-150X_mcRun3_2024_realistic_v2-v7/NANOAODSIM,GEN-chain_RunIII2024Summer24wmLHEGS_flowRunIII2024Summer24DRPremix_flowRunIII2024Summer24MiniAODv6_flowRunIII2024Summer24NanoAODv15-00004,"BTV, GEN","BTV_SF, Run3_BTVCommFW_2Dcalibration, Tau_BugFix"
DYto2Tau-2Jets NLO MG+P8,DYto2Tau-2Jets_Bin-MLL-50_TuneCP5_13p6TeV_amcatnloFXFX-pythia8,GEN-RunIII2024Summer24wmLHEGS-00056,done,250001,0,500000000,,done,250001,349058559,500000000,/DYto2Tau-2Jets_Bin-MLL-50_TuneCP5_13p6TeV_amcatnloFXFX-pythia8/RunIII2024Summer24MiniAODv6-150X_mcRun3_2024_realistic_v2-v7/MINIAODSIM,done,120000,347794013,349058559,/DYto2Tau-2Jets_Bin-MLL-50_TuneCP5_13p6TeV_amcatnloFXFX-pythia8/RunIII2024Summer24NanoAODv15-BTVNanoV15_150X_mcRun3_2024_realistic_v2-v2/NANOAODSIM,GEN-chain_RunIII2024Summer24wmLHEGS_flowRunIII2024Summer24DRPremix_flowRunIII2024Summer24MiniAODv6_flowRunIIISummer24BTVNanoAODv15-00012,"BTV, GEN","BTV_SF, Run3_BTVCommFW_2Dcalibration, Tau_BugFix"
DYto2Tau-2Jets NLO MG+P8,DYto2Tau-2Jets_M-50_0J_Filtered_TuneCP5_13p6TeV_amcatnloFXFX-pythia8,HIG-Run3Summer22EEwmLHEGS-01476,done,500000,0,43000000,,done,500000,43864206,43000000,/DYto2Tau-2Jets_M-50_0J_Filtered_TuneCP5_13p6TeV_amcatnloFXFX-pythia8/Run3Summer22EEMiniAODv4-130X_mcRun3_2022_realistic_postEE_v6-v3/MINIAODSIM,done,110110,43864206,43864206,/DYto2Tau-2Jets_M-50_0J_Filtered_TuneCP5_13p6TeV_amcatnloFXFX-pythia8/Run3Summer22EENanoAODv12-130X_mcRun3_2022_realistic_postEE_v6-v1/NANOAODSIM,HIG-chain_Run3Summer22EEwmLHEGS_flowRun3Summer22EEDRPremix_flowRun3Summer22EEMiniAODv4_flowRun3Summer22EENanoAODv12-01066,"HIG, TAU",Tau_BugFix
DYto2Tau-2Jets NLO MG+P8,DYto2Tau-2Jets_M-50_0J_Filtered_TuneCP5_13p6TeV_amcatnloFXFX-pythia8,HIG-Run3Summer22EEwmLHEGS-01476,done,500000,0,43000000,,done,500000,43864206,43000000,/DYto2Tau-2Jets_M-50_0J_Filtered_TuneCP5_13p6TeV_amcatnloFXFX-pythia8/Run3Summer22EEMiniAODv4-130X_mcRun3_2022_realistic_postEE_v6-v3/MINIAODSIM,done,500000,42563474,43000000,/DYto2Tau-2Jets_M-50_0J_Filtered_TuneCP5_13p6TeV_amcatnloFXFX-pythia8/Run3Summer22EENanoAODv13-133X_mcRun3_2022_realistic_postEE_ForNanov13_v1-v3/NANOAODSIM,HIG-chain_Run3Summer22EEwmLHEGS_flowRun3Summer22EEDRPremix_flowRun3Summer22EEMiniAODv4_flowRun3Summer22EENanoAODv13-00231,"HIG, TAU",Tau_BugFix
DYto2Tau-2Jets NLO MG+P8,DYto2Tau-2Jets_M-50_0J_Filtered_TuneCP5_13p6TeV_amcatnloFXFX-pythia8,HIG-Run3Summer22wmLHEGS-01448,done,500000,0,13000000,,done,500000,12631795,13000000,/DYto2Tau-2Jets_M-50_0J_Filtered_TuneCP5_13p6TeV_amcatnloFXFX-pythia8/Run3Summer22MiniAODv4-130X_mcRun3_2022_realistic_v5-v3/MINIAODSIM,done,220220,10862703,12631795,/DYto2Tau-2Jets_M-50_0J_Filtered_TuneCP5_13p6TeV_amcatnloFXFX-pythia8/Run3Summer22NanoAODv12-130X_mcRun3_2022_realistic_v5-v1/NANOAODSIM,HIG-chain_Run3Summer22wmLHEGS_flowRun3Summer22DRPremix_flowRun3Summer22MiniAODv4_flowRun3Summer22NanoAODv12-01011,"HIG, TAU",Tau_BugFix
DYto2Tau-2Jets NLO MG+P8,DYto2Tau-2Jets_M-50_0J_Filtered_TuneCP5_13p6TeV_amcatnloFXFX-pythia8,HIG-Run3Summer22wmLHEGS-01448,done,500000,0,13000000,,done,500000,12631795,13000000,/DYto2Tau-2Jets_M-50_0J_Filtered_TuneCP5_13p6TeV_amcatnloFXFX-pythia8/Run3Summer22MiniAODv4-130X_mcRun3_2022_realistic_v5-v3/MINIAODSIM,done,500000,11953065,13000000,/DYto2Tau-2Jets_M-50_0J_Filtered_TuneCP5_13p6TeV_amcatnloFXFX-pythia8/Run3Summer22NanoAODv13-133X_mcRun3_2022_realistic_ForNanov13_v1-v3/NANOAODSIM,HIG-chain_Run3Summer22wmLHEGS_flowRun3Summer22DRPremix_flowRun3Summer22MiniAODv4_flowRun3Summer22NanoAODv13-00231,"HIG, TAU",Tau_BugFix
DYto2Tau-2Jets NLO MG+P8,DYto2Tau-2Jets_M-50_0J_Filtered_TuneCP5_13p6TeV_amcatnloFXFX-pythia8,HIG-Run3Summer23BPixwmLHEGS-01303,done,500000,0,15000000,,done,500000,14535094,15000000,/DYto2Tau-2Jets_M-50_0J_Filtered_TuneCP5_13p6TeV_amcatnloFXFX-pythia8/Run3Summer23BPixMiniAODv4-130X_mcRun3_2023_realistic_postBPix_v6-v3/MINIAODSIM,done,110110,14535094,14535094,/DYto2Tau-2Jets_M-50_0J_Filtered_TuneCP5_13p6TeV_amcatnloFXFX-pythia8/Run3Summer23BPixNanoAODv12-130X_mcRun3_2023_realistic_postBPix_v6-v1/NANOAODSIM,HIG-chain_Run3Summer23BPixwmLHEGS_flowRun3Summer23BPixDRPremix_flowRun3Summer23BPixMiniAODv4_flowRun3Summer23BPixNanoAODv12-00624,"HIG, TAU",Tau_BugFix
DYto2Tau-2Jets NLO MG+P8,DYto2Tau-2Jets_M-50_0J_Filtered_TuneCP5_13p6TeV_amcatnloFXFX-pythia8,HIG-Run3Summer23BPixwmLHEGS-01303,done,500000,0,15000000,,done,500000,14535094,15000000,/DYto2Tau-2Jets_M-50_0J_Filtered_TuneCP5_13p6TeV_amcatnloFXFX-pythia8/Run3Summer23BPixMiniAODv4-130X_mcRun3_2023_realistic_postBPix_v6-v3/MINIAODSIM,done,500000,14190598,15000000,/DYto2Tau-2Jets_M-50_0J_Filtered_TuneCP5_13p6TeV_amcatnloFXFX-pythia8/Run3Summer23BPixNanoAODv13-133X_mcRun3_2023_realistic_postBPix_ForNanov13_v2-v3/NANOAODSIM,HIG-chain_Run3Summer23BPixwmLHEGS_flowRun3Summer23BPixDRPremix_flowRun3Summer23BPixMiniAODv4_flowRun3Summer23BPixNanoAODv13-00432,"HIG, TAU",Tau_BugFix
DYto2Tau-2Jets NLO MG+P8,DYto2Tau-2Jets_M-50_0J_Filtered_TuneCP5_13p6TeV_amcatnloFXFX-pythia8,HIG-Run3Summer23wmLHEGS-01391,done,300000,0,29000000,,done,300000,29290719,29000000,/DYto2Tau-2Jets_M-50_0J_Filtered_TuneCP5_13p6TeV_amcatnloFXFX-pythia8/Run3Summer23MiniAODv4-130X_mcRun3_2023_realistic_v15-v3/MINIAODSIM,done,110110,29290719,29290719,/DYto2Tau-2Jets_M-50_0J_Filtered_TuneCP5_13p6TeV_amcatnloFXFX-pythia8/Run3Summer23NanoAODv12-130X_mcRun3_2023_realistic_v15-v1/NANOAODSIM,HIG-chain_Run3Summer23wmLHEGS_flowRun3Summer23DRPremix_flowRun3Summer23MiniAODv4_flowRun3Summer23NanoAODv12-00624,"HIG, TAU",Tau_BugFix
DYto2Tau-2Jets NLO MG+P8,DYto2Tau-2Jets_M-50_0J_Filtered_TuneCP5_13p6TeV_amcatnloFXFX-pythia8,HIG-Run3Summer23wmLHEGS-01391,done,300000,0,29000000,,done,300000,29290719,29000000,/DYto2Tau-2Jets_M-50_0J_Filtered_TuneCP5_13p6TeV_amcatnloFXFX-pythia8/Run3Summer23MiniAODv4-130X_mcRun3_2023_realistic_v15-v3/MINIAODSIM,done,300000,29294780,29000000,/DYto2Tau-2Jets_M-50_0J_Filtered_TuneCP5_13p6TeV_amcatnloFXFX-pythia8/Run3Summer23NanoAODv13-133X_mcRun3_2023_realistic_ForNanov13_v1-v3/NANOAODSIM,HIG-chain_Run3Summer23wmLHEGS_flowRun3Summer23DRPremix_flowRun3Summer23MiniAODv4_flowRun3Summer23NanoAODv13-00432,"HIG, TAU",Tau_BugFix
DYto2Tau-2Jets NLO MG+P8,DYto2Tau-2Jets_M-50_1J_Filtered_TuneCP5_13p6TeV_amcatnloFXFX-pythia8,HIG-Run3Summer22EEwmLHEGS-01477,done,500000,0,65000000,,done,500000,66688589,65000000,/DYto2Tau-2Jets_M-50_1J_Filtered_TuneCP5_13p6TeV_amcatnloFXFX-pythia8/Run3Summer22EEMiniAODv4-130X_mcRun3_2022_realistic_postEE_v6-v3/MINIAODSIM,done,110000,65170238,66688589,/DYto2Tau-2Jets_M-50_1J_Filtered_TuneCP5_13p6TeV_amcatnloFXFX-pythia8/Run3Summer22EENanoAODv12-130X_mcRun3_2022_realistic_postEE_v6-v1/NANOAODSIM,HIG-chain_Run3Summer22EEwmLHEGS_flowRun3Summer22EEDRPremix_flowRun3Summer22EEMiniAODv4_flowRun3Summer22EENanoAODv12-01067,"HIG, TAU",Tau_BugFix
DYto2Tau-2Jets NLO MG+P8,DYto2Tau-2Jets_M-50_1J_Filtered_TuneCP5_13p6TeV_amcatnloFXFX-pythia8,HIG-Run3Summer22EEwmLHEGS-01477,done,500000,0,65000000,,done,500000,66688589,65000000,/DYto2Tau-2Jets_M-50_1J_Filtered_TuneCP5_13p6TeV_amcatnloFXFX-pythia8/Run3Summer22EEMiniAODv4-130X_mcRun3_2022_realistic_postEE_v6-v3/MINIAODSIM,done,500000,54792216,65000000,/DYto2Tau-2Jets_M-50_1J_Filtered_TuneCP5_13p6TeV_amcatnloFXFX-pythia8/Run3Summer22EENanoAODv13-133X_mcRun3_2022_realistic_postEE_ForNanov13_v1-v3/NANOAODSIM,HIG-chain_Run3Summer22EEwmLHEGS_flowRun3Summer22EEDRPremix_flowRun3Summer22EEMiniAODv4_flowRun3Summer22EENanoAODv13-00232,"HIG, TAU",Tau_BugFix
DYto2Tau-2Jets NLO MG+P8,DYto2Tau-2Jets_M-50_1J_Filtered_TuneCP5_13p6TeV_amcatnloFXFX-pythia8,HIG-Run3Summer22wmLHEGS-01449,done,500000,0,19000000,,done,500000,20230695,19000000,/DYto2Tau-2Jets_M-50_1J_Filtered_TuneCP5_13p6TeV_amcatnloFXFX-pythia8/Run3Summer22MiniAODv4-130X_mcRun3_2022_realistic_v5-v3/MINIAODSIM,done,110110,20230695,20230695,/DYto2Tau-2Jets_M-50_1J_Filtered_TuneCP5_13p6TeV_amcatnloFXFX-pythia8/Run3Summer22NanoAODv12-130X_mcRun3_2022_realistic_v5-v1/NANOAODSIM,HIG-chain_Run3Summer22wmLHEGS_flowRun3Summer22DRPremix_flowRun3Summer22MiniAODv4_flowRun3Summer22NanoAODv12-01012,"HIG, TAU",Tau_BugFix
DYto2Tau-2Jets NLO MG+P8,DYto2Tau-2Jets_M-50_1J_Filtered_TuneCP5_13p6TeV_amcatnloFXFX-pythia8,HIG-Run3Summer22wmLHEGS-01449,done,500000,0,19000000,,done,500000,20230695,19000000,/DYto2Tau-2Jets_M-50_1J_Filtered_TuneCP5_13p6TeV_amcatnloFXFX-pythia8/Run3Summer22MiniAODv4-130X_mcRun3_2022_realistic_v5-v3/MINIAODSIM,done,500000,19434921,19000000,/DYto2Tau-2Jets_M-50_1J_Filtered_TuneCP5_13p6TeV_amcatnloFXFX-pythia8/Run3Summer22NanoAODv13-133X_mcRun3_2022_realistic_ForNanov13_v1-v3/NANOAODSIM,HIG-chain_Run3Summer22wmLHEGS_flowRun3Summer22DRPremix_flowRun3Summer22MiniAODv4_flowRun3Summer22NanoAODv13-00232,"HIG, TAU",Tau_BugFix
DYto2Tau-2Jets NLO MG+P8,DYto2Tau-2Jets_M-50_1J_Filtered_TuneCP5_13p6TeV_amcatnloFXFX-pythia8,HIG-Run3Summer23BPixwmLHEGS-01304,done,500000,0,23000000,,done,500000,21420409,23000000,/DYto2Tau-2Jets_M-50_1J_Filtered_TuneCP5_13p6TeV_amcatnloFXFX-pythia8/Run3Summer23BPixMiniAODv4-130X_mcRun3_2023_realistic_postBPix_v6-v4/MINIAODSIM,done,110110,21420409,21420409,/DYto2Tau-2Jets_M-50_1J_Filtered_TuneCP5_13p6TeV_amcatnloFXFX-pythia8/Run3Summer23BPixNanoAODv12-130X_mcRun3_2023_realistic_postBPix_v6-v1/NANOAODSIM,HIG-chain_Run3Summer23BPixwmLHEGS_flowRun3Summer23BPixDRPremix_flowRun3Summer23BPixMiniAODv4_flowRun3Summer23BPixNanoAODv12-00625,"HIG, TAU",Tau_BugFix
DYto2Tau-2Jets NLO MG+P8,DYto2Tau-2Jets_M-50_1J_Filtered_TuneCP5_13p6TeV_amcatnloFXFX-pythia8,HIG-Run3Summer23BPixwmLHEGS-01304,done,500000,0,23000000,,done,500000,21420409,23000000,/DYto2Tau-2Jets_M-50_1J_Filtered_TuneCP5_13p6TeV_amcatnloFXFX-pythia8/Run3Summer23BPixMiniAODv4-130X_mcRun3_2023_realistic_postBPix_v6-v4/MINIAODSIM,done,500000,20615788,23000000,/DYto2Tau-2Jets_M-50_1J_Filtered_TuneCP5_13p6TeV_amcatnloFXFX-pythia8/Run3Summer23BPixNanoAODv13-133X_mcRun3_2023_realistic_postBPix_ForNanov13_v2-v4/NANOAODSIM,HIG-chain_Run3Summer23BPixwmLHEGS_flowRun3Summer23BPixDRPremix_flowRun3Summer23BPixMiniAODv4_flowRun3Summer23BPixNanoAODv13-00433,"HIG, TAU",Tau_BugFix
DYto2Tau-2Jets NLO MG+P8,DYto2Tau-2Jets_M-50_1J_Filtered_TuneCP5_13p6TeV_amcatnloFXFX-pythia8,HIG-Run3Summer23wmLHEGS-01392,done,500000,0,43000000,,done,500000,45400337,43000000,/DYto2Tau-2Jets_M-50_1J_Filtered_TuneCP5_13p6TeV_amcatnloFXFX-pythia8/Run3Summer23MiniAODv4-130X_mcRun3_2023_realistic_v15-v3/MINIAODSIM,done,110110,43881392,45400337,/DYto2Tau-2Jets_M-50_1J_Filtered_TuneCP5_13p6TeV_amcatnloFXFX-pythia8/Run3Summer23NanoAODv12-130X_mcRun3_2023_realistic_v15-v1/NANOAODSIM,HIG-chain_Run3Summer23wmLHEGS_flowRun3Summer23DRPremix_flowRun3Summer23MiniAODv4_flowRun3Summer23NanoAODv12-00625,"HIG, TAU",Tau_BugFix
DYto2Tau-2Jets NLO MG+P8,DYto2Tau-2Jets_M-50_1J_Filtered_TuneCP5_13p6TeV_amcatnloFXFX-pythia8,HIG-Run3Summer23wmLHEGS-01392,done,500000,0,43000000,,done,500000,45400337,43000000,/DYto2Tau-2Jets_M-50_1J_Filtered_TuneCP5_13p6TeV_amcatnloFXFX-pythia8/Run3Summer23MiniAODv4-130X_mcRun3_2023_realistic_v15-v3/MINIAODSIM,done,500000,37530011,43000000,/DYto2Tau-2Jets_M-50_1J_Filtered_TuneCP5_13p6TeV_amcatnloFXFX-pythia8/Run3Summer23NanoAODv13-133X_mcRun3_2023_realistic_ForNanov13_v1-v3/NANOAODSIM,HIG-chain_Run3Summer23wmLHEGS_flowRun3Summer23DRPremix_flowRun3Summer23MiniAODv4_flowRun3Summer23NanoAODv13-00433,"HIG, TAU",Tau_BugFix
DYto2Tau-2Jets NLO MG+P8,DYto2Tau-2Jets_M-50_2J_Filtered_TuneCP5_13p6TeV_amcatnloFXFX-pythia8,HIG-Run3Summer22EEwmLHEGS-01478,done,150000,0,108000000,,done,150000,116723182,108000000,/DYto2Tau-2Jets_M-50_2J_Filtered_TuneCP5_13p6TeV_amcatnloFXFX-pythia8/Run3Summer22EEMiniAODv4-130X_mcRun3_2022_realistic_postEE_v6-v3/MINIAODSIM,done,500000,110138041,116750138,/DYto2Tau-2Jets_M-50_2J_Filtered_TuneCP5_13p6TeV_amcatnloFXFX-pythia8/Run3Summer22EENanoAODv12-130X_mcRun3_2022_realistic_postEE_v6-v1/NANOAODSIM,HIG-chain_Run3Summer22EEwmLHEGS_flowRun3Summer22EEDRPremix_flowRun3Summer22EEMiniAODv4_flowRun3Summer22EENanoAODv12-01068,"HIG, TAU",Tau_BugFix
DYto2Tau-2Jets NLO MG+P8,DYto2Tau-2Jets_M-50_2J_Filtered_TuneCP5_13p6TeV_amcatnloFXFX-pythia8,HIG-Run3Summer22EEwmLHEGS-01478,done,150000,0,108000000,,done,150000,116723182,108000000,/DYto2Tau-2Jets_M-50_2J_Filtered_TuneCP5_13p6TeV_amcatnloFXFX-pythia8/Run3Summer22EEMiniAODv4-130X_mcRun3_2022_realistic_postEE_v6-v3/MINIAODSIM,done,150000,100394254,108000000,/DYto2Tau-2Jets_M-50_2J_Filtered_TuneCP5_13p6TeV_amcatnloFXFX-pythia8/Run3Summer22EENanoAODv13-133X_mcRun3_2022_realistic_postEE_ForNanov13_v1-v3/NANOAODSIM,HIG-chain_Run3Summer22EEwmLHEGS_flowRun3Summer22EEDRPremix_flowRun3Summer22EEMiniAODv4_flowRun3Summer22EENanoAODv13-00233,"HIG, TAU",Tau_BugFix
DYto2Tau-2Jets NLO MG+P8,DYto2Tau-2Jets_M-50_2J_Filtered_TuneCP5_13p6TeV_amcatnloFXFX-pythia8,HIG-Run3Summer22wmLHEGS-01450,done,500000,0,32000000,,done,500000,32440564,32000000,/DYto2Tau-2Jets_M-50_2J_Filtered_TuneCP5_13p6TeV_amcatnloFXFX-pythia8/Run3Summer22MiniAODv4-130X_mcRun3_2022_realistic_v5-v4/MINIAODSIM,done,110110,29654728,32440564,/DYto2Tau-2Jets_M-50_2J_Filtered_TuneCP5_13p6TeV_amcatnloFXFX-pythia8/Run3Summer22NanoAODv12-130X_mcRun3_2022_realistic_v5-v1/NANOAODSIM,HIG-chain_Run3Summer22wmLHEGS_flowRun3Summer22DRPremix_flowRun3Summer22MiniAODv4_flowRun3Summer22NanoAODv12-01013,"HIG, TAU",Tau_BugFix
DYto2Tau-2Jets NLO MG+P8,DYto2Tau-2Jets_M-50_2J_Filtered_TuneCP5_13p6TeV_amcatnloFXFX-pythia8,HIG-Run3Summer22wmLHEGS-01450,done,500000,0,32000000,,done,500000,32440564,32000000,/DYto2Tau-2Jets_M-50_2J_Filtered_TuneCP5_13p6TeV_amcatnloFXFX-pythia8/Run3Summer22MiniAODv4-130X_mcRun3_2022_realistic_v5-v4/MINIAODSIM,done,500000,28682468,32000000,/DYto2Tau-2Jets_M-50_2J_Filtered_TuneCP5_13p6TeV_amcatnloFXFX-pythia8/Run3Summer22NanoAODv13-133X_mcRun3_2022_realistic_ForNanov13_v1-v4/NANOAODSIM,HIG-chain_Run3Summer22wmLHEGS_flowRun3Summer22DRPremix_flowRun3Summer22MiniAODv4_flowRun3Summer22NanoAODv13-00233,"HIG, TAU",Tau_BugFix
DYto2Tau-2Jets NLO MG+P8,DYto2Tau-2Jets_M-50_2J_Filtered_TuneCP5_13p6TeV_amcatnloFXFX-pythia8,HIG-Run3Summer23BPixwmLHEGS-01305,done,500000,0,38000000,,done,500000,38512089,38000000,/DYto2Tau-2Jets_M-50_2J_Filtered_TuneCP5_13p6TeV_amcatnloFXFX-pythia8/Run3Summer23BPixMiniAODv4-130X_mcRun3_2023_realistic_postBPix_v6-v3/MINIAODSIM,done,110110,37118658,38512089,/DYto2Tau-2Jets_M-50_2J_Filtered_TuneCP5_13p6TeV_amcatnloFXFX-pythia8/Run3Summer23BPixNanoAODv12-130X_mcRun3_2023_realistic_postBPix_v6-v1/NANOAODSIM,HIG-chain_Run3Summer23BPixwmLHEGS_flowRun3Summer23BPixDRPremix_flowRun3Summer23BPixMiniAODv4_flowRun3Summer23BPixNanoAODv12-00626,"HIG, TAU",Tau_BugFix
DYto2Tau-2Jets NLO MG+P8,DYto2Tau-2Jets_M-50_2J_Filtered_TuneCP5_13p6TeV_amcatnloFXFX-pythia8,HIG-Run3Summer23BPixwmLHEGS-01305,done,500000,0,38000000,,done,500000,38512089,38000000,/DYto2Tau-2Jets_M-50_2J_Filtered_TuneCP5_13p6TeV_amcatnloFXFX-pythia8/Run3Summer23BPixMiniAODv4-130X_mcRun3_2023_realistic_postBPix_v6-v3/MINIAODSIM,done,500000,35890542,38000000,/DYto2Tau-2Jets_M-50_2J_Filtered_TuneCP5_13p6TeV_amcatnloFXFX-pythia8/Run3Summer23BPixNanoAODv13-133X_mcRun3_2023_realistic_postBPix_ForNanov13_v2-v3/NANOAODSIM,HIG-chain_Run3Summer23BPixwmLHEGS_flowRun3Summer23BPixDRPremix_flowRun3Summer23BPixMiniAODv4_flowRun3Summer23BPixNanoAODv13-00434,"HIG, TAU",Tau_BugFix
DYto2Tau-2Jets NLO MG+P8,DYto2Tau-2Jets_M-50_2J_Filtered_TuneCP5_13p6TeV_amcatnloFXFX-pythia8,HIG-Run3Summer23wmLHEGS-01393,done,150000,0,72000000,,done,150000,67086670,72000000,/DYto2Tau-2Jets_M-50_2J_Filtered_TuneCP5_13p6TeV_amcatnloFXFX-pythia8/Run3Summer23MiniAODv4-130X_mcRun3_2023_realistic_v15-v3/MINIAODSIM,done,110000,63795843,67086670,/DYto2Tau-2Jets_M-50_2J_Filtered_TuneCP5_13p6TeV_amcatnloFXFX-pythia8/Run3Summer23NanoAODv12-130X_mcRun3_2023_realistic_v15-v1/NANOAODSIM,HIG-chain_Run3Summer23wmLHEGS_flowRun3Summer23DRPremix_flowRun3Summer23MiniAODv4_flowRun3Summer23NanoAODv12-00626,"HIG, TAU",Tau_BugFix
DYto2Tau-2Jets NLO MG+P8,DYto2Tau-2Jets_M-50_2J_Filtered_TuneCP5_13p6TeV_amcatnloFXFX-pythia8,HIG-Run3Summer23wmLHEGS-01393,done,150000,0,72000000,,done,150000,67086670,72000000,/DYto2Tau-2Jets_M-50_2J_Filtered_TuneCP5_13p6TeV_amcatnloFXFX-pythia8/Run3Summer23MiniAODv4-130X_mcRun3_2023_realistic_v15-v3/MINIAODSIM,done,150000,56912533,72000000,/DYto2Tau-2Jets_M-50_2J_Filtered_TuneCP5_13p6TeV_amcatnloFXFX-pythia8/Run3Summer23NanoAODv13-133X_mcRun3_2023_realistic_ForNanov13_v1-v3/NANOAODSIM,HIG-chain_Run3Summer23wmLHEGS_flowRun3Summer23DRPremix_flowRun3Summer23MiniAODv4_flowRun3Summer23NanoAODv13-00434,"HIG, TAU",Tau_BugFix
DYto2Tau-2Jets NLO MG+P8,DYto2Tau-2Jets_MLL-50_0J_TuneCP5_13p6TeV_amcatnloFXFX-pythia8,TAU-Run3Summer22EEwmLHEGS-00002,done,110000,-1,129000000,,done,110000,125936677,129000000,/DYto2Tau-2Jets_MLL-50_0J_TuneCP5_13p6TeV_amcatnloFXFX-pythia8/Run3Summer22EEMiniAODv4-130X_mcRun3_2022_realistic_postEE_v6-v2/MINIAODSIM,done,210110,125936677,125972480,/DYto2Tau-2Jets_MLL-50_0J_TuneCP5_13p6TeV_amcatnloFXFX-pythia8/Run3Summer22EENanoAODv12-130X_mcRun3_2022_realistic_postEE_v6-v1/NANOAODSIM,TAU-chain_Run3Summer22EEwmLHEGS_flowRun3Summer22EEDRPremix_flowRun3Summer22EEMiniAODv4_flowRun3Summer22EENanoAODv12-00002,"GEN, TAU",Tau_BugFix
DYto2Tau-2Jets NLO MG+P8,DYto2Tau-2Jets_MLL-50_0J_TuneCP5_13p6TeV_amcatnloFXFX-pythia8,TAU-Run3Summer22EEwmLHEGS-00002,done,110000,-1,129000000,,done,110000,125936677,129000000,/DYto2Tau-2Jets_MLL-50_0J_TuneCP5_13p6TeV_amcatnloFXFX-pythia8/Run3Summer22EEMiniAODv4-130X_mcRun3_2022_realistic_postEE_v6-v2/MINIAODSIM,done,110000,127235352,129000000,/DYto2Tau-2Jets_MLL-50_0J_TuneCP5_13p6TeV_amcatnloFXFX-pythia8/Run3Summer22EENanoAODv13-133X_mcRun3_2022_realistic_postEE_ForNanov13_v1-v2/NANOAODSIM,TAU-chain_Run3Summer22EEwmLHEGS_flowRun3Summer22EEDRPremix_flowRun3Summer22EEMiniAODv4_flowRun3Summer22EENanoAODv13-00002,"GEN, TAU",Tau_BugFix
DYto2Tau-2Jets NLO MG+P8,DYto2Tau-2Jets_MLL-50_0J_TuneCP5_13p6TeV_amcatnloFXFX-pythia8,TAU-Run3Summer22EEwmLHEGS-00002,done,110000,-1,129000000,,done,110000,125936677,129000000,/DYto2Tau-2Jets_MLL-50_0J_TuneCP5_13p6TeV_amcatnloFXFX-pythia8/Run3Summer22EEMiniAODv4-130X_mcRun3_2022_realistic_postEE_v6-v2/MINIAODSIM,done,210110,125936677,125936677,/DYto2Tau-2Jets_MLL-50_0J_TuneCP5_13p6TeV_amcatnloFXFX-pythia8/Run3Summer22EENanoAODv15-150X_mcRun3_2022_realistic_postEE_v1-v3/NANOAODSIM,TAU-chain_Run3Summer22EEwmLHEGS_flowRun3Summer22EEDRPremix_flowRun3Summer22EEMiniAODv4_flowRun3Summer22EENanoAODv15-00001,"GEN, TAU",Tau_BugFix
DYto2Tau-2Jets NLO MG+P8,DYto2Tau-2Jets_MLL-50_0J_TuneCP5_13p6TeV_amcatnloFXFX-pythia8,TAU-Run3Summer22wmLHEGS-00002,done,110000,-1,39000000,,done,110000,39627426,39000000,/DYto2Tau-2Jets_MLL-50_0J_TuneCP5_13p6TeV_amcatnloFXFX-pythia8/Run3Summer22MiniAODv4-130X_mcRun3_2022_realistic_v5-v2/MINIAODSIM,done,110110,39627426,39627426,/DYto2Tau-2Jets_MLL-50_0J_TuneCP5_13p6TeV_amcatnloFXFX-pythia8/Run3Summer22NanoAODv12-130X_mcRun3_2022_realistic_v5-v1/NANOAODSIM,TAU-chain_Run3Summer22wmLHEGS_flowRun3Summer22DRPremix_flowRun3Summer22MiniAODv4_flowRun3Summer22NanoAODv12-00002,"GEN, TAU",Tau_BugFix
DYto2Tau-2Jets NLO MG+P8,DYto2Tau-2Jets_MLL-50_0J_TuneCP5_13p6TeV_amcatnloFXFX-pythia8,TAU-Run3Summer22wmLHEGS-00002,done,110000,-1,39000000,,done,110000,39627426,39000000,/DYto2Tau-2Jets_MLL-50_0J_TuneCP5_13p6TeV_amcatnloFXFX-pythia8/Run3Summer22MiniAODv4-130X_mcRun3_2022_realistic_v5-v2/MINIAODSIM,done,110000,39662600,39000000,/DYto2Tau-2Jets_MLL-50_0J_TuneCP5_13p6TeV_amcatnloFXFX-pythia8/Run3Summer22NanoAODv13-133X_mcRun3_2022_realistic_ForNanov13_v1-v2/NANOAODSIM,TAU-chain_Run3Summer22wmLHEGS_flowRun3Summer22DRPremix_flowRun3Summer22MiniAODv4_flowRun3Summer22NanoAODv13-00005,"GEN, TAU",Tau_BugFix
DYto2Tau-2Jets NLO MG+P8,DYto2Tau-2Jets_MLL-50_0J_TuneCP5_13p6TeV_amcatnloFXFX-pythia8,TAU-Run3Summer22wmLHEGS-00002,done,110000,-1,39000000,,done,110000,39627426,39000000,/DYto2Tau-2Jets_MLL-50_0J_TuneCP5_13p6TeV_amcatnloFXFX-pythia8/Run3Summer22MiniAODv4-130X_mcRun3_2022_realistic_v5-v2/MINIAODSIM,done,210110,39627426,39627426,/DYto2Tau-2Jets_MLL-50_0J_TuneCP5_13p6TeV_amcatnloFXFX-pythia8/Run3Summer22NanoAODv15-150X_mcRun3_2022_realistic_v1-v3/NANOAODSIM,TAU-chain_Run3Summer22wmLHEGS_flowRun3Summer22DRPremix_flowRun3Summer22MiniAODv4_flowRun3Summer22NanoAODv15-00001,"GEN, TAU",Tau_BugFix
DYto2Tau-2Jets NLO MG+P8,DYto2Tau-2Jets_MLL-50_0J_TuneCP5_13p6TeV_amcatnloFXFX-pythia8,TAU-Run3Summer22wmLHEGS-00009,done,110000,-1,2000000,,done,110000,2151660,2000000,/DYto2Tau-2Jets_MLL-50_0J_TuneCP5_13p6TeV_amcatnloFXFX-pythia8/Run3Summer22MiniAODv4-py8tauval_130X_mcRun3_2022_realistic_v5-v2/MINIAODSIM,done,110000,2151660,2000000,/DYto2Tau-2Jets_MLL-50_0J_TuneCP5_13p6TeV_amcatnloFXFX-pythia8/Run3Summer22NanoAODv13-py8tauval_133X_mcRun3_2022_realistic_ForNanov13_v1-v2/NANOAODSIM,TAU-chain_Run3Summer22wmLHEGS_flowRun3Summer22DRPremix_flowRun3Summer22MiniAODv4_flowRun3Summer22NanoAODv13-00002,"GEN, TAU",
DYto2Tau-2Jets NLO MG+P8,DYto2Tau-2Jets_MLL-50_0J_TuneCP5_13p6TeV_amcatnloFXFX-pythia8,TAU-Run3Summer23BPixwmLHEGS-00004,done,220002,-1,46000000,,done,220002,44026524,46000000,/DYto2Tau-2Jets_MLL-50_0J_TuneCP5_13p6TeV_amcatnloFXFX-pythia8/Run3Summer23BPixMiniAODv4-130X_mcRun3_2023_realistic_postBPix_v6-v2/MINIAODSIM,done,110110,44026524,44026524,/DYto2Tau-2Jets_MLL-50_0J_TuneCP5_13p6TeV_amcatnloFXFX-pythia8/Run3Summer23BPixNanoAODv12-130X_mcRun3_2023_realistic_postBPix_v6-v1/NANOAODSIM,TAU-chain_Run3Summer23BPixwmLHEGS_flowRun3Summer23BPixDRPremix_flowRun3Summer23BPixMiniAODv4_flowRun3Summer23BPixNanoAODv12-00004,"GEN, TAU",Tau_BugFix
DYto2Tau-2Jets NLO MG+P8,DYto2Tau-2Jets_MLL-50_0J_TuneCP5_13p6TeV_amcatnloFXFX-pythia8,TAU-Run3Summer23BPixwmLHEGS-00004,done,220002,-1,46000000,,done,220002,44026524,46000000,/DYto2Tau-2Jets_MLL-50_0J_TuneCP5_13p6TeV_amcatnloFXFX-pythia8/Run3Summer23BPixMiniAODv4-130X_mcRun3_2023_realistic_postBPix_v6-v2/MINIAODSIM,done,220002,43625380,46000000,/DYto2Tau-2Jets_MLL-50_0J_TuneCP5_13p6TeV_amcatnloFXFX-pythia8/Run3Summer23BPixNanoAODv13-133X_mcRun3_2023_realistic_postBPix_ForNanov13_v2-v2/NANOAODSIM,TAU-chain_Run3Summer23BPixwmLHEGS_flowRun3Summer23BPixDRPremix_flowRun3Summer23BPixMiniAODv4_flowRun3Summer23BPixNanoAODv13-00002,"GEN, TAU",Tau_BugFix
DYto2Tau-2Jets NLO MG+P8,DYto2Tau-2Jets_MLL-50_0J_TuneCP5_13p6TeV_amcatnloFXFX-pythia8,TAU-Run3Summer23BPixwmLHEGS-00004,done,220002,-1,46000000,,done,220002,44026524,46000000,/DYto2Tau-2Jets_MLL-50_0J_TuneCP5_13p6TeV_amcatnloFXFX-pythia8/Run3Summer23BPixMiniAODv4-130X_mcRun3_2023_realistic_postBPix_v6-v2/MINIAODSIM,done,210110,44026524,44026524,/DYto2Tau-2Jets_MLL-50_0J_TuneCP5_13p6TeV_amcatnloFXFX-pythia8/Run3Summer23BPixNanoAODv15-150X_mcRun3_2023_realistic_postBPix_v1-v3/NANOAODSIM,TAU-chain_Run3Summer23BPixwmLHEGS_flowRun3Summer23BPixDRPremix_flowRun3Summer23BPixMiniAODv4_flowRun3Summer23BPixNanoAODv15-00001,"GEN, TAU",Tau_BugFix
DYto2Tau-2Jets NLO MG+P8,DYto2Tau-2Jets_MLL-50_0J_TuneCP5_13p6TeV_amcatnloFXFX-pythia8,TAU-Run3Summer23wmLHEGS-00002,done,220002,-1,86000000,,done,220002,86010297,86000000,/DYto2Tau-2Jets_MLL-50_0J_TuneCP5_13p6TeV_amcatnloFXFX-pythia8/Run3Summer23MiniAODv4-130X_mcRun3_2023_realistic_v15-v2/MINIAODSIM,done,210110,86010297,86010297,/DYto2Tau-2Jets_MLL-50_0J_TuneCP5_13p6TeV_amcatnloFXFX-pythia8/Run3Summer23NanoAODv12-130X_mcRun3_2023_realistic_v15-v1/NANOAODSIM,TAU-chain_Run3Summer23wmLHEGS_flowRun3Summer23DRPremix_flowRun3Summer23MiniAODv4_flowRun3Summer23NanoAODv12-00002,"GEN, TAU",Tau_BugFix
DYto2Tau-2Jets NLO MG+P8,DYto2Tau-2Jets_MLL-50_0J_TuneCP5_13p6TeV_amcatnloFXFX-pythia8,TAU-Run3Summer23wmLHEGS-00002,done,220002,-1,86000000,,done,220002,86010297,86000000,/DYto2Tau-2Jets_MLL-50_0J_TuneCP5_13p6TeV_amcatnloFXFX-pythia8/Run3Summer23MiniAODv4-130X_mcRun3_2023_realistic_v15-v2/MINIAODSIM,done,220002,86016441,86000000,/DYto2Tau-2Jets_MLL-50_0J_TuneCP5_13p6TeV_amcatnloFXFX-pythia8/Run3Summer23NanoAODv13-133X_mcRun3_2023_realistic_ForNanov13_v1-v2/NANOAODSIM,TAU-chain_Run3Summer23wmLHEGS_flowRun3Summer23DRPremix_flowRun3Summer23MiniAODv4_flowRun3Summer23NanoAODv13-00002,"GEN, TAU",Tau_BugFix
DYto2Tau-2Jets NLO MG+P8,DYto2Tau-2Jets_MLL-50_0J_TuneCP5_13p6TeV_amcatnloFXFX-pythia8,TAU-Run3Summer23wmLHEGS-00002,done,220002,-1,86000000,,done,220002,86010297,86000000,/DYto2Tau-2Jets_MLL-50_0J_TuneCP5_13p6TeV_amcatnloFXFX-pythia8/Run3Summer23MiniAODv4-130X_mcRun3_2023_realistic_v15-v2/MINIAODSIM,done,110210,86010297,86010297,/DYto2Tau-2Jets_MLL-50_0J_TuneCP5_13p6TeV_amcatnloFXFX-pythia8/Run3Summer23NanoAODv15-150X_mcRun3_2023_realistic_v1-v3/NANOAODSIM,TAU-chain_Run3Summer23wmLHEGS_flowRun3Summer23DRPremix_flowRun3Summer23MiniAODv4_flowRun3Summer23NanoAODv15-00001,"GEN, TAU",Tau_BugFix
DYto2Tau-2Jets NLO MG+P8,DYto2Tau-2Jets_MLL-50_1J_TuneCP5_13p6TeV_amcatnloFXFX-pythia8,TAU-Run3Summer22EEwmLHEGS-00003,done,500000,-1,194000000,,done,500000,186908781,194000000,/DYto2Tau-2Jets_MLL-50_1J_TuneCP5_13p6TeV_amcatnloFXFX-pythia8/Run3Summer22EEMiniAODv4-130X_mcRun3_2022_realistic_postEE_v6-v2/MINIAODSIM,done,500000,165533843,186908781,/DYto2Tau-2Jets_MLL-50_1J_TuneCP5_13p6TeV_amcatnloFXFX-pythia8/Run3Summer22EENanoAODv12-130X_mcRun3_2022_realistic_postEE_v6-v1/NANOAODSIM,TAU-chain_Run3Summer22EEwmLHEGS_flowRun3Summer22EEDRPremix_flowRun3Summer22EEMiniAODv4_flowRun3Summer22EENanoAODv12-00003,"GEN, TAU",Tau_BugFix
DYto2Tau-2Jets NLO MG+P8,DYto2Tau-2Jets_MLL-50_1J_TuneCP5_13p6TeV_amcatnloFXFX-pythia8,TAU-Run3Summer22EEwmLHEGS-00003,done,500000,-1,194000000,,done,500000,186908781,194000000,/DYto2Tau-2Jets_MLL-50_1J_TuneCP5_13p6TeV_amcatnloFXFX-pythia8/Run3Summer22EEMiniAODv4-130X_mcRun3_2022_realistic_postEE_v6-v2/MINIAODSIM,done,500000,171927683,194000000,/DYto2Tau-2Jets_MLL-50_1J_TuneCP5_13p6TeV_amcatnloFXFX-pythia8/Run3Summer22EENanoAODv13-133X_mcRun3_2022_realistic_postEE_ForNanov13_v1-v2/NANOAODSIM,TAU-chain_Run3Summer22EEwmLHEGS_flowRun3Summer22EEDRPremix_flowRun3Summer22EEMiniAODv4_flowRun3Summer22EENanoAODv13-00003,"GEN, TAU",Tau_BugFix
DYto2Tau-2Jets NLO MG+P8,DYto2Tau-2Jets_MLL-50_1J_TuneCP5_13p6TeV_amcatnloFXFX-pythia8,TAU-Run3Summer22wmLHEGS-00003,done,110001,-1,58000000,,done,110001,56687827,58000000,/DYto2Tau-2Jets_MLL-50_1J_TuneCP5_13p6TeV_amcatnloFXFX-pythia8/Run3Summer22MiniAODv4-130X_mcRun3_2022_realistic_v5-v2/MINIAODSIM,done,110110,56687827,56687827,/DYto2Tau-2Jets_MLL-50_1J_TuneCP5_13p6TeV_amcatnloFXFX-pythia8/Run3Summer22NanoAODv12-130X_mcRun3_2022_realistic_v5-v1/NANOAODSIM,TAU-chain_Run3Summer22wmLHEGS_flowRun3Summer22DRPremix_flowRun3Summer22MiniAODv4_flowRun3Summer22NanoAODv12-00003,"GEN, TAU",Tau_BugFix
DYto2Tau-2Jets NLO MG+P8,DYto2Tau-2Jets_MLL-50_1J_TuneCP5_13p6TeV_amcatnloFXFX-pythia8,TAU-Run3Summer22wmLHEGS-00003,done,110001,-1,58000000,,done,110001,56687827,58000000,/DYto2Tau-2Jets_MLL-50_1J_TuneCP5_13p6TeV_amcatnloFXFX-pythia8/Run3Summer22MiniAODv4-130X_mcRun3_2022_realistic_v5-v2/MINIAODSIM,done,110001,54941251,58000000,/DYto2Tau-2Jets_MLL-50_1J_TuneCP5_13p6TeV_amcatnloFXFX-pythia8/Run3Summer22NanoAODv13-133X_mcRun3_2022_realistic_ForNanov13_v1-v2/NANOAODSIM,TAU-chain_Run3Summer22wmLHEGS_flowRun3Summer22DRPremix_flowRun3Summer22MiniAODv4_flowRun3Summer22NanoAODv13-00006,"GEN, TAU",Tau_BugFix
DYto2Tau-2Jets NLO MG+P8,DYto2Tau-2Jets_MLL-50_1J_TuneCP5_13p6TeV_amcatnloFXFX-pythia8,TAU-Run3Summer22wmLHEGS-00010,done,220000,-1,2000000,,done,220000,2487849,2000000,/DYto2Tau-2Jets_MLL-50_1J_TuneCP5_13p6TeV_amcatnloFXFX-pythia8/Run3Summer22MiniAODv4-py8tauval_130X_mcRun3_2022_realistic_v5-v2/MINIAODSIM,done,220000,2487849,2000000,/DYto2Tau-2Jets_MLL-50_1J_TuneCP5_13p6TeV_amcatnloFXFX-pythia8/Run3Summer22NanoAODv13-py8tauval_133X_mcRun3_2022_realistic_ForNanov13_v1-v2/NANOAODSIM,TAU-chain_Run3Summer22wmLHEGS_flowRun3Summer22DRPremix_flowRun3Summer22MiniAODv4_flowRun3Summer22NanoAODv13-00003,"GEN, TAU",
DYto2Tau-2Jets NLO MG+P8,DYto2Tau-2Jets_MLL-50_1J_TuneCP5_13p6TeV_amcatnloFXFX-pythia8,TAU-Run3Summer23BPixwmLHEGS-00005,done,500000,-1,69000000,,done,500000,76804767,69000000,/DYto2Tau-2Jets_MLL-50_1J_TuneCP5_13p6TeV_amcatnloFXFX-pythia8/Run3Summer23BPixMiniAODv4-130X_mcRun3_2023_realistic_postBPix_v6-v2/MINIAODSIM,done,110110,73643832,76804767,/DYto2Tau-2Jets_MLL-50_1J_TuneCP5_13p6TeV_amcatnloFXFX-pythia8/Run3Summer23BPixNanoAODv12-130X_mcRun3_2023_realistic_postBPix_v6-v1/NANOAODSIM,TAU-chain_Run3Summer23BPixwmLHEGS_flowRun3Summer23BPixDRPremix_flowRun3Summer23BPixMiniAODv4_flowRun3Summer23BPixNanoAODv12-00005,"GEN, TAU",Tau_BugFix
DYto2Tau-2Jets NLO MG+P8,DYto2Tau-2Jets_MLL-50_1J_TuneCP5_13p6TeV_amcatnloFXFX-pythia8,TAU-Run3Summer23BPixwmLHEGS-00005,done,500000,-1,69000000,,done,500000,76804767,69000000,/DYto2Tau-2Jets_MLL-50_1J_TuneCP5_13p6TeV_amcatnloFXFX-pythia8/Run3Summer23BPixMiniAODv4-130X_mcRun3_2023_realistic_postBPix_v6-v2/MINIAODSIM,done,500000,66549560,69000000,/DYto2Tau-2Jets_MLL-50_1J_TuneCP5_13p6TeV_amcatnloFXFX-pythia8/Run3Summer23BPixNanoAODv13-133X_mcRun3_2023_realistic_postBPix_ForNanov13_v2-v2/NANOAODSIM,TAU-chain_Run3Summer23BPixwmLHEGS_flowRun3Summer23BPixDRPremix_flowRun3Summer23BPixMiniAODv4_flowRun3Summer23BPixNanoAODv13-00003,"GEN, TAU",Tau_BugFix
DYto2Tau-2Jets NLO MG+P8,DYto2Tau-2Jets_MLL-50_1J_TuneCP5_13p6TeV_amcatnloFXFX-pythia8,TAU-Run3Summer23wmLHEGS-00003,done,220002,-1,129000000,,done,220002,123286592,129000000,/DYto2Tau-2Jets_MLL-50_1J_TuneCP5_13p6TeV_amcatnloFXFX-pythia8/Run3Summer23MiniAODv4-130X_mcRun3_2023_realistic_v15-v2/MINIAODSIM,done,110110,123286592,123286592,/DYto2Tau-2Jets_MLL-50_1J_TuneCP5_13p6TeV_amcatnloFXFX-pythia8/Run3Summer23NanoAODv12-130X_mcRun3_2023_realistic_v15-v1/NANOAODSIM,TAU-chain_Run3Summer23wmLHEGS_flowRun3Summer23DRPremix_flowRun3Summer23MiniAODv4_flowRun3Summer23NanoAODv12-00003,"GEN, TAU",Tau_BugFix
DYto2Tau-2Jets NLO MG+P8,DYto2Tau-2Jets_MLL-50_1J_TuneCP5_13p6TeV_amcatnloFXFX-pythia8,TAU-Run3Summer23wmLHEGS-00003,done,220002,-1,129000000,,done,220002,123286592,129000000,/DYto2Tau-2Jets_MLL-50_1J_TuneCP5_13p6TeV_amcatnloFXFX-pythia8/Run3Summer23MiniAODv4-130X_mcRun3_2023_realistic_v15-v2/MINIAODSIM,done,220002,120226949,129000000,/DYto2Tau-2Jets_MLL-50_1J_TuneCP5_13p6TeV_amcatnloFXFX-pythia8/Run3Summer23NanoAODv13-133X_mcRun3_2023_realistic_ForNanov13_v1-v2/NANOAODSIM,TAU-chain_Run3Summer23wmLHEGS_flowRun3Summer23DRPremix_flowRun3Summer23MiniAODv4_flowRun3Summer23NanoAODv13-00003,"GEN, TAU",Tau_BugFix
DYto2Tau-2Jets NLO MG+P8,DYto2Tau-2Jets_MLL-50_2J_TuneCP5_13p6TeV_amcatnloFXFX-pythia8,TAU-Run3Summer22EEwmLHEGS-00005,done,500000,-1,323000000,,done,500000,371628745,323000000,/DYto2Tau-2Jets_MLL-50_2J_TuneCP5_13p6TeV_amcatnloFXFX-pythia8/Run3Summer22EEMiniAODv4-130X_mcRun3_2022_realistic_postEE_v6-v2/MINIAODSIM,done,110000,365687741,371628745,/DYto2Tau-2Jets_MLL-50_2J_TuneCP5_13p6TeV_amcatnloFXFX-pythia8/Run3Summer22EENanoAODv12-130X_mcRun3_2022_realistic_postEE_v6-v1/NANOAODSIM,TAU-chain_Run3Summer22EEwmLHEGS_flowRun3Summer22EEDRPremix_flowRun3Summer22EEMiniAODv4_flowRun3Summer22EENanoAODv12-00004,"GEN, TAU",Tau_BugFix
DYto2Tau-2Jets NLO MG+P8,DYto2Tau-2Jets_MLL-50_2J_TuneCP5_13p6TeV_amcatnloFXFX-pythia8,TAU-Run3Summer22EEwmLHEGS-00005,done,500000,-1,323000000,,done,500000,371628745,323000000,/DYto2Tau-2Jets_MLL-50_2J_TuneCP5_13p6TeV_amcatnloFXFX-pythia8/Run3Summer22EEMiniAODv4-130X_mcRun3_2022_realistic_postEE_v6-v2/MINIAODSIM,done,500000,345668420,323000000,/DYto2Tau-2Jets_MLL-50_2J_TuneCP5_13p6TeV_amcatnloFXFX-pythia8/Run3Summer22EENanoAODv13-133X_mcRun3_2022_realistic_postEE_ForNanov13_v1-v2/NANOAODSIM,TAU-chain_Run3Summer22EEwmLHEGS_flowRun3Summer22EEDRPremix_flowRun3Summer22EEMiniAODv4_flowRun3Summer22EENanoAODv13-00004,"GEN, TAU",Tau_BugFix
DYto2Tau-2Jets NLO MG+P8,DYto2Tau-2Jets_MLL-50_2J_TuneCP5_13p6TeV_amcatnloFXFX-pythia8,TAU-Run3Summer22wmLHEGS-00004,done,440000,-1,97000000,,done,440000,107747888,97000000,/DYto2Tau-2Jets_MLL-50_2J_TuneCP5_13p6TeV_amcatnloFXFX-pythia8/Run3Summer22MiniAODv4-130X_mcRun3_2022_realistic_v5-v2/MINIAODSIM,done,210110,106481565,107747888,/DYto2Tau-2Jets_MLL-50_2J_TuneCP5_13p6TeV_amcatnloFXFX-pythia8/Run3Summer22NanoAODv12-130X_mcRun3_2022_realistic_v5-v1/NANOAODSIM,TAU-chain_Run3Summer22wmLHEGS_flowRun3Summer22DRPremix_flowRun3Summer22MiniAODv4_flowRun3Summer22NanoAODv12-00004,"GEN, TAU",Tau_BugFix
DYto2Tau-2Jets NLO MG+P8,DYto2Tau-2Jets_MLL-50_2J_TuneCP5_13p6TeV_amcatnloFXFX-pythia8,TAU-Run3Summer22wmLHEGS-00004,done,440000,-1,97000000,,done,440000,107747888,97000000,/DYto2Tau-2Jets_MLL-50_2J_TuneCP5_13p6TeV_amcatnloFXFX-pythia8/Run3Summer22MiniAODv4-130X_mcRun3_2022_realistic_v5-v2/MINIAODSIM,done,440000,97532026,97000000,/DYto2Tau-2Jets_MLL-50_2J_TuneCP5_13p6TeV_amcatnloFXFX-pythia8/Run3Summer22NanoAODv13-133X_mcRun3_2022_realistic_ForNanov13_v1-v2/NANOAODSIM,TAU-chain_Run3Summer22wmLHEGS_flowRun3Summer22DRPremix_flowRun3Summer22MiniAODv4_flowRun3Summer22NanoAODv13-00007,"GEN, TAU",Tau_BugFix
DYto2Tau-2Jets NLO MG+P8,DYto2Tau-2Jets_MLL-50_2J_TuneCP5_13p6TeV_amcatnloFXFX-pythia8,TAU-Run3Summer22wmLHEGS-00011,done,500000,-1,2000000,,done,500000,2196579,2000000,/DYto2Tau-2Jets_MLL-50_2J_TuneCP5_13p6TeV_amcatnloFXFX-pythia8/Run3Summer22MiniAODv4-py8tauval_130X_mcRun3_2022_realistic_v5-v2/MINIAODSIM,done,500000,2004125,2000000,/DYto2Tau-2Jets_MLL-50_2J_TuneCP5_13p6TeV_amcatnloFXFX-pythia8/Run3Summer22NanoAODv13-py8tauval_133X_mcRun3_2022_realistic_ForNanov13_v1-v2/NANOAODSIM,TAU-chain_Run3Summer22wmLHEGS_flowRun3Summer22DRPremix_flowRun3Summer22MiniAODv4_flowRun3Summer22NanoAODv13-00004,"GEN, TAU",
DYto2Tau-2Jets NLO MG+P8,DYto2Tau-2Jets_MLL-50_2J_TuneCP5_13p6TeV_amcatnloFXFX-pythia8,TAU-Run3Summer23BPixwmLHEGS-00006,done,500000,-1,115000000,,done,500000,123493273,115000000,/DYto2Tau-2Jets_MLL-50_2J_TuneCP5_13p6TeV_amcatnloFXFX-pythia8/Run3Summer23BPixMiniAODv4-130X_mcRun3_2023_realistic_postBPix_v6-v2/MINIAODSIM,done,220000,120078702,123493273,/DYto2Tau-2Jets_MLL-50_2J_TuneCP5_13p6TeV_amcatnloFXFX-pythia8/Run3Summer23BPixNanoAODv12-130X_mcRun3_2023_realistic_postBPix_v6-v1/NANOAODSIM,TAU-chain_Run3Summer23BPixwmLHEGS_flowRun3Summer23BPixDRPremix_flowRun3Summer23BPixMiniAODv4_flowRun3Summer23BPixNanoAODv12-00006,"GEN, TAU",Tau_BugFix
DYto2Tau-2Jets NLO MG+P8,DYto2Tau-2Jets_MLL-50_2J_TuneCP5_13p6TeV_amcatnloFXFX-pythia8,TAU-Run3Summer23BPixwmLHEGS-00006,done,500000,-1,115000000,,done,500000,123493273,115000000,/DYto2Tau-2Jets_MLL-50_2J_TuneCP5_13p6TeV_amcatnloFXFX-pythia8/Run3Summer23BPixMiniAODv4-130X_mcRun3_2023_realistic_postBPix_v6-v2/MINIAODSIM,done,500000,112198522,115000000,/DYto2Tau-2Jets_MLL-50_2J_TuneCP5_13p6TeV_amcatnloFXFX-pythia8/Run3Summer23BPixNanoAODv13-133X_mcRun3_2023_realistic_postBPix_ForNanov13_v2-v2/NANOAODSIM,TAU-chain_Run3Summer23BPixwmLHEGS_flowRun3Summer23BPixDRPremix_flowRun3Summer23BPixMiniAODv4_flowRun3Summer23BPixNanoAODv13-00004,"GEN, TAU",Tau_BugFix
DYto2Tau-2Jets NLO MG+P8,DYto2Tau-2Jets_MLL-50_2J_TuneCP5_13p6TeV_amcatnloFXFX-pythia8,TAU-Run3Summer23wmLHEGS-00004,done,500000,-1,216000000,,done,500000,311488056,216000000,/DYto2Tau-2Jets_MLL-50_2J_TuneCP5_13p6TeV_amcatnloFXFX-pythia8/Run3Summer23MiniAODv4-130X_mcRun3_2023_realistic_v15-v2/MINIAODSIM,done,110000,299753100,311488056,/DYto2Tau-2Jets_MLL-50_2J_TuneCP5_13p6TeV_amcatnloFXFX-pythia8/Run3Summer23NanoAODv12-130X_mcRun3_2023_realistic_v15-v1/NANOAODSIM,TAU-chain_Run3Summer23wmLHEGS_flowRun3Summer23DRPremix_flowRun3Summer23MiniAODv4_flowRun3Summer23NanoAODv12-00004,"GEN, TAU",Tau_BugFix
DYto2Tau-2Jets NLO MG+P8,DYto2Tau-2Jets_MLL-50_2J_TuneCP5_13p6TeV_amcatnloFXFX-pythia8,TAU-Run3Summer23wmLHEGS-00004,done,500000,-1,216000000,,done,500000,311488056,216000000,/DYto2Tau-2Jets_MLL-50_2J_TuneCP5_13p6TeV_amcatnloFXFX-pythia8/Run3Summer23MiniAODv4-130X_mcRun3_2023_realistic_v15-v2/MINIAODSIM,done,500000,281466155,216000000,/DYto2Tau-2Jets_MLL-50_2J_TuneCP5_13p6TeV_amcatnloFXFX-pythia8/Run3Summer23NanoAODv13-133X_mcRun3_2023_realistic_ForNanov13_v1-v2/NANOAODSIM,TAU-chain_Run3Summer23wmLHEGS_flowRun3Summer23DRPremix_flowRun3Summer23MiniAODv4_flowRun3Summer23NanoAODv13-00004,"GEN, TAU",Tau_BugFix